<?xml version="1.0" encoding="utf-8"?>
<!--
/**
 * appRain CMF
 *
 * LICENSE
 *
 * This source file is subject to the MIT license that is bundled
 * with this package in the file LICENSE.txt.
 * It is also available through the world-wide-web at this URL:
 * http://www.opensource.org/licenses/mit-license.php
 * If you did not receive a copy of the license and are unable to
 * obtain it through the world-wide-web, please send an email
 * to license@apprain.com so we can send you a copy immediately.
 *
 * @copyright  Copyright (c) 2010 appRain, Inc. (http://www.apprain.com)
 * @license    http://www.opensource.org/licenses/mit-license.php MIT license
 *
 * HELP
 *
 * Official Website
 * http://www.apprain.com/
 *
 * Download Link
 * http://www.apprain.com/download
 *
 * Documents Link
 * http ://www.apprain.com/documents
 */
-->
<InformationSet>
    <!--
    /**
     * Base Section
     * Contain all Global Options
     */
    -->
    <base mode="db">
        <version>3.1.0</version>
        <lastupdate>2013-12-23</lastupdate>
        <title>Blog Post</title>
        <admin_tab>blog</admin_tab>
		<addons />
		<parameters />        
        <max_entry>
            <limit></limit>
            <message><![CDATA[]]></message>
        </max_entry>        
    </base>
    <!--
    /**
     * Fields Section
     * Contain all input Fields Definitions
     */
    -->
    <fields>
        <field name="title">
            <title>Title</title>
            <type>inputTag</type>
            <searchable>Yes</searchable>
            <validation>
                <rule>
                    <type>notEmpty</type>
                    <err-message>Please enter a blog title</err-message>
                </rule>
            </validation>
            <parameters />
            <tag-attributes>
                <attribute name="id">title</attribute>
                <attribute name="class">app_input</attribute>
            </tag-attributes>
        </field>
        <field name="category">
            <title>Category</title>
            <type>categoryTag</type>
            <validation>
                <rule>
                    <type>notEmpty</type>
                    <err-message>Please select a category</err-message>
                </rule>
            </validation>
            <category_type>blog-cat</category_type>
            <parameters>
                <parameter name="parent_start">0</parameter>
                <parameter name="inputType">selectTag</parameter>
                <parameter name="auto_link">Yes</parameter>
            </parameters>
            <tag-attributes>
                <attribute name="id">category</attribute>
            </tag-attributes>
        </field>
        <field name="description">
            <title>Description</title>
            <type>textareaTag</type>
            <searchable>Yes</searchable>
			<db-attribute>
				<attribute name="type ">text</attribute>
                <attribute name="length"></attribute>
				<attribute name="null"></attribute>
				<attribute name="default"></attribute>
			</db-attribute>				
           <validation>
                <rule>
                    <type>notEmpty</type>
                    <err-message>Please enter post</err-message>
                </rule>
            </validation>
            <parameters />
            <tag-attributes>
                <attribute name="id">description</attribute>
                <attribute name="class">app_input</attribute>
                <attribute name="rows">20</attribute>
            </tag-attributes>
        </field>
        <field name="status">
            <title>Status</title>
            <type>radioTag</type>
			<db-attribute>
				<attribute name="type ">enum</attribute>
                <attribute name="length"></attribute>
				<attribute name="null"></attribute>
				<attribute name="default"></attribute>
			</db-attribute>				
            <validation>
                <rule>
                    <type>inList</type>
                    <err-message>Please select a status</err-message>
                    <list><val>Public</val><val>Private</val></list>
                </rule>
            </validation>
            <options>
                <option value="Public">Public</option>
                <option value="Private">Private</option>
            </options>
            <selected>Public</selected>
            <tag-attributes>
                <attribute name="id">status</attribute>
                <attribute name="class">app_input</attribute>
            </tag-attributes>
        </field>
    </fields>
</InformationSet>