<?xml version="1.0" encoding="utf-8"?>
<!--
/**
 * appRain CMF
 *
 * LICENSE
 *
 * This source file is subject to the MIT license that is bundled
 * with this package in the file LICENSE.txt.
 * It is also available through the world-wide-web at this URL:
 * http://www.opensource.org/licenses/mit-license.php
 * If you did not receive a copy of the license and are unable to
 * obtain it through the world-wide-web, please send an email
 * to license@apprain.com so we can send you a copy immediately.
 *
 * @copyright  Copyright (c) 2010 appRain, Inc. (http://www.apprain.com)
 * @license    http://www.opensource.org/licenses/mit-license.php MIT license
 *
 * HELP
 *
 * Official Website
 * http://www.apprain.com/
 *
 * Download Link
 * http://www.apprain.com/download
 *
 * Documents Link
 * http ://www.apprain.com/documents
 */
-->
<InterfaceBuilder>
    <navigation name="blog">
        <parent>
            <title>Blog</title>
            <action>/category/manage/blog-cat</action>
            <submenu>
                <item>
                    <title>Add New Post</title>
                    <link>/information/manage/blogpost/add</link>
                </item>
                <item type="multiple">
                    <title>Manage Postes</title>
                    <link>/information/manage/blogpost</link>
                </item>
                <item type="multiple">
                    <title>Add New Category</title>
                    <link>/category/manage/blog-cat/add</link>
                </item>
                <item type="multiple">
                    <title>Manage Categories</title>
                    <link>/category/manage/blog-cat</link>
                </item>
                <item>
                    <title>Manage Comments</title>
                    <link>/appblog/managecomment</link>
                </item>
            </submenu>
            <acl>
                <group>superadmin</group>
            </acl>
            <sort_order>4</sort_order>
        </parent>
        <child>
            <menu>
                <title>Blog Posts</title>
                <items>
                    <item>
                        <title>Add Post</title>
                        <link>/information/manage/blogpost/add</link>
                    </item>
                    <item>
                        <title>Manage Post</title>
                        <link>/information/manage/blogpost</link>
                    </item>
                </items>
                <adminicon>
                    <type>FilePath</type>
                    <location>/component/blog/interface_builder/post.jpg</location>
                </adminicon>
            </menu>
            <menu>
                <title>Blog Categories</title>
                <items>
                    <item>
                        <title>Add Category</title>
                        <link>/category/manage/blog-cat/add</link>
                    </item>
                    <item>
                        <title>Manage Categories</title>
                        <link>/category/manage/blog-cat</link>
                    </item>
                </items>
                <adminicon>
                    <type>FilePath</type>
                    <location>/component/blog/interface_builder/category.jpg</location>
                </adminicon>
            </menu>
            <menu>
                <title>Comments</title>
                <items>
                    <item>
                        <title>Manage Comments</title>
                        <link>/manage-comments</link>
                    </item>
                </items>
                <adminicon>
                    <type>FilePath</type>
                    <location>/component/blog/interface_builder/comments.jpg</location>
                </adminicon>
            </menu>
            <menu>
                <title>Settings</title>
                <items>
                    <item>
                        <title>Manage Setting</title>
                        <link>/admin/config/blogsettings</link>
                    </item>
                </items>
                <adminicon>
                    <type>FilePath</type>
                    <location>/component/blog/interface_builder/comments.jpg</location>
                </adminicon>
            </menu>
        </child>
    </navigation>
</InterfaceBuilder>