<?xml version="1.0" encoding="utf-8"?>
<database>
	<version>0.2.1</version>
    <name>Blog</name>
	<uri>http://www.apprain.com</uri>
	<description>
		<![CDATA[
			Creates a Blog System to publish your content. Guest users can comment in post and display after admin aproval.  <br /><br />

			
			Features<br />
			- Admin Section to update post and categorys<br />
			- Admin section to check and accept comments<br />
			- Add a link in Web Site menu<br />
			- Add a top menu in admin panel

		]]>
	</description>
	<author>Reazaul Karim</author>
	<author_uri>http://reazulk.wordpress.com</author_uri>
	<namespace>auto</namespace>
	<help>
		<![CDATA[
			<strong>Guide line</strong>  <br />
			- Click "ACTIVATE" link to install it.
		]]>
	</help>
	<checkfiles>
		<filepath>register.php</filepath>
	</checkfiles>
</database>